,CVE ID,CWE ID,# of Exploits,Vulnerability Type(s),Publish Date,Update Date,Score,Gained Access Level,Access,Complexity,Authentication,Conf.,Integ.,Avail.,Description
0,CVE-2022-28391,,,Exec Code,2022-04-03,2022-04-03,0.0,None,???,???,???,???,???,???,"BusyBox through 1.35.0 allows remote attackers to execute arbitrary code if netstat is used to print a DNS PTR record's value to a VT compatible terminal. Alternatively, the attacker could choose to change the terminal's colors."
1,CVE-2022-28390,,,,2022-04-03,2022-04-03,0.0,None,???,???,???,???,???,???,ems_usb_start_xmit in drivers/net/can/usb/ems_usb.c in the Linux kernel through 5.17.1 has a double free.
2,CVE-2022-28389,,,,2022-04-03,2022-04-03,0.0,None,???,???,???,???,???,???,mcba_usb_start_xmit in drivers/net/can/usb/mcba_usb.c in the Linux kernel through 5.17.1 has a double free.
3,CVE-2022-28388,,,,2022-04-03,2022-04-03,0.0,None,???,???,???,???,???,???,usb_8dev_start_xmit in drivers/net/can/usb/usb_8dev.c in the Linux kernel through 5.17.1 has a double free.
4,CVE-2022-28381,,,Exec Code Overflow,2022-04-03,2022-04-03,0.0,None,???,???,???,???,???,???,"Mediaserver.exe in ALLMediaServer 1.6 has a stack-based buffer overflow that allows remote attackers to execute arbitrary code via a long string to TCP port 888, a related issue to CVE-2017-17932."
5,CVE-2022-28380,,,Dir. Trav.,2022-04-03,2022-04-03,0.0,None,???,???,???,???,???,???,The rc-httpd component through 2022-03-31 for 9front (Plan 9 fork) allows ..%2f directory traversal if serve-static is used.
6,CVE-2022-28379,,,XSS,2022-04-03,2022-04-03,0.0,None,???,???,???,???,???,???,jc21.com Nginx Proxy Manager before 2.9.17 allows XSS during item deletion.
7,CVE-2022-28378,,,XSS,2022-04-03,2022-04-03,0.0,None,???,???,???,???,???,???,Craft CMS before 3.7.29 allows XSS.
8,CVE-2022-28376,,,,2022-04-03,2022-04-03,0.0,None,???,???,???,???,???,???,"Verizon LVSKIHP 5G outside devices through 2022-02-15 allow anyone (knowing the device's serial number) to access a CPE admin website, e.g., at the 10.0.0.1 IP address. The password (for the verizon username) is calculated by concatenating the serial number and the model (i.e., the LVSKIHP string), running the sha256sum program, and extracting the first seven characters concatenated with the last seven characters of that SHA-256 value."
9,CVE-2022-28368,,,Exec Code,2022-04-03,2022-04-03,0.0,None,???,???,???,???,???,???,Dompdf 1.2.1 allows remote code execution via a .php file in the src:url field of an @font-face Cascading Style Sheets (CSS) statement (within an HTML input file).
10,CVE-2022-28356,,,,2022-04-02,2022-04-03,0.0,None,???,???,???,???,???,???,"In the Linux kernel before 5.17.1, a refcount leak bug was found in net/llc/af_llc.c."
11,CVE-2022-28355,,,,2022-04-02,2022-04-03,0.0,None,???,???,???,???,???,???,randomUUID in Scala.js before 1.10.0 generates predictable values.
12,CVE-2022-28352,,,,2022-04-02,2022-04-03,0.0,None,???,???,???,???,???,???,"WeeChat (aka Wee Enhanced Environment for Chat) 3.2 to 3.4 before 3.4.1 does not properly verify the TLS certificate of the server, after certain GnuTLS options are changed, which allows man-in-the-middle attackers to spoof a TLS chat server via an arbitrary certificate. NOTE: this only affects situations where weechat.network.gnutls_ca_system or weechat.network.gnutls_ca_user is changed without a WeeChat restart."
13,CVE-2022-28223,,,,2022-03-30,2022-03-30,0.0,None,???,???,???,???,???,???,Tekon KIO devices through 2022-03-30 allow an authenticated admin user to escalate privileges to root by uploading a malicious Lua plugin.
14,CVE-2022-28209,,,,2022-03-30,2022-03-30,0.0,None,???,???,???,???,???,???,An issue was discovered in Mediawiki through 1.37.1. The check for the override-antispoof permission in the AntiSpoof extension is incorrect.
15,CVE-2022-28206,,,,2022-03-30,2022-03-30,0.0,None,???,???,???,???,???,???,An issue was discovered in MediaWiki through 1.37.1. ImportPlanValidator.php in the FileImporter extension mishandles the check for edit rights.
16,CVE-2022-28205,,,,2022-03-30,2022-03-30,0.0,None,???,???,???,???,???,???,An issue was discovered in MediaWiki through 1.37.1. The CentralAuth extension mishandles a ttl issue for groups expiring in the future.
17,CVE-2022-28202,,,XSS,2022-03-30,2022-03-30,0.0,None,???,???,???,???,???,???,"An XSS issue was discovered in MediaWiki before 1.35.6, 1.36.x before 1.36.4, and 1.37.x before 1.37.2. The widthheight, widthheightpage, and nbytes properties of messages are not escaped when used in galleries or Special:RevisionDelete."
18,CVE-2022-28160,,,,2022-03-29,2022-03-29,0.0,None,???,???,???,???,???,???,Jenkins Tests Selector Plugin 1.3.3 and earlier allows users with Item/Configure permission to read arbitrary files on the Jenkins controller.
19,CVE-2022-28159,,,XSS,2022-03-29,2022-03-29,0.0,None,???,???,???,???,???,???,"Jenkins Tests Selector Plugin 1.3.3 and earlier does not escape the Properties File Path option for Choosing Tests parameters, resulting in a stored cross-site scripting (XSS) vulnerability exploitable by attackers with Item/Configure permission."
20,CVE-2022-28158,,,,2022-03-29,2022-03-29,0.0,None,???,???,???,???,???,???,A missing permission check in Jenkins Pipeline: Phoenix AutoTest Plugin 1.3 and earlier allows attackers with Overall/Read permission to enumerate credentials IDs of credentials stored in Jenkins.
21,CVE-2022-28157,,,,2022-03-29,2022-03-29,0.0,None,???,???,???,???,???,???,Jenkins Pipeline: Phoenix AutoTest Plugin 1.3 and earlier allows attackers with Item/Configure permission to upload arbitrary files from the Jenkins controller via FTP to an attacker-specified FTP server.
22,CVE-2022-28156,,,,2022-03-29,2022-03-29,0.0,None,???,???,???,???,???,???,Jenkins Pipeline: Phoenix AutoTest Plugin 1.3 and earlier allows attackers with Item/Configure permission to copy arbitrary files and directories from the Jenkins controller to the agent workspace.
23,CVE-2022-28155,,,,2022-03-29,2022-03-29,0.0,None,???,???,???,???,???,???,Jenkins Pipeline: Phoenix AutoTest Plugin 1.3 and earlier does not configure its XML parser to prevent XML external entity (XXE) attacks.
24,CVE-2022-28154,,,,2022-03-29,2022-03-29,0.0,None,???,???,???,???,???,???,Jenkins Coverage/Complexity Scatter Plot Plugin 1.1.1 and earlier does not configure its XML parser to prevent XML external entity (XXE) attacks.
25,CVE-2022-28153,,,XSS,2022-03-29,2022-03-29,0.0,None,???,???,???,???,???,???,"Jenkins SiteMonitor Plugin 0.6 and earlier does not escape URLs of sites to monitor in tooltips, resulting in a stored cross-site scripting (XSS) vulnerability exploitable by attackers with Item/Configure permission."
26,CVE-2022-28152,,,CSRF,2022-03-29,2022-03-29,0.0,None,???,???,???,???,???,???,A cross-site request forgery (CSRF) vulnerability in Jenkins Job and Node ownership Plugin 0.13.0 and earlier allows attackers to restore the default ownership of a job.
27,CVE-2022-28151,,,,2022-03-29,2022-03-29,0.0,None,???,???,???,???,???,???,A missing permission check in Jenkins Job and Node ownership Plugin 0.13.0 and earlier allows attackers with Item/Read permission to change the owners and item-specific permissions of a job.
28,CVE-2022-28150,,,CSRF,2022-03-29,2022-03-29,0.0,None,???,???,???,???,???,???,A cross-site request forgery (CSRF) vulnerability in Jenkins Job and Node ownership Plugin 0.13.0 and earlier allows attackers to change the owners and item-specific permissions of a job.
29,CVE-2022-28149,,,XSS,2022-03-29,2022-03-29,0.0,None,???,???,???,???,???,???,"Jenkins Job and Node ownership Plugin 0.13.0 and earlier does not escape the names of the secondary owners, resulting in a stored cross-site scripting (XSS) vulnerability exploitable by attackers with Item/Configure permission."
30,CVE-2022-28148,,,,2022-03-29,2022-03-29,0.0,None,???,???,???,???,???,???,"The file browser in Jenkins Continuous Integration with Toad Edge Plugin 2.3 and earlier may interpret some paths to files as absolute on Windows, resulting in a path traversal vulnerability allowing attackers with Item/Read permission to obtain the contents of arbitrary files on Windows controllers."
31,CVE-2022-28147,,,,2022-03-29,2022-03-29,0.0,None,???,???,???,???,???,???,A missing permission check in Jenkins Continuous Integration with Toad Edge Plugin 2.3 and earlier allows attackers with Overall/Read permission to check for the existence of an attacker-specified file path on the Jenkins controller file system.
32,CVE-2022-28146,,,,2022-03-29,2022-03-29,0.0,None,???,???,???,???,???,???,Jenkins Continuous Integration with Toad Edge Plugin 2.3 and earlier allows attackers with Item/Configure permission to read arbitrary files on the Jenkins controller by specifying an input folder on the Jenkins controller as a parameter to its build steps.
33,CVE-2022-28145,,,XSS,2022-03-29,2022-03-29,0.0,None,???,???,???,???,???,???,"Jenkins Continuous Integration with Toad Edge Plugin 2.3 and earlier does not apply Content-Security-Policy headers to report files it serves, resulting in a stored cross-site scripting (XSS) exploitable by attackers with Item/Configure permission or otherwise able to control report contents."
34,CVE-2022-28144,,,,2022-03-29,2022-03-29,0.0,None,???,???,???,???,???,???,"Jenkins Proxmox Plugin 0.7.0 and earlier does not perform a permission check in several HTTP endpoints, allowing attackers with Overall/Read permission to connect to an attacker-specified host using attacker-specified username and password (perform a connection test), disable SSL/TLS validation for the entire Jenkins controller JVM as part of the connection test (see CVE-2022-28142), and test a rollback with attacker-specified parameters."
35,CVE-2022-28143,,,CSRF,2022-03-29,2022-03-29,0.0,None,???,???,???,???,???,???,"A cross-site request forgery (CSRF) vulnerability in Jenkins Proxmox Plugin 0.7.0 and earlier allows attackers to connect to an attacker-specified host using attacker-specified username and password (perform a connection test), disable SSL/TLS validation for the entire Jenkins controller JVM as part of the connection test (see CVE-2022-28142), and test a rollback with attacker-specified parameters."
36,CVE-2022-28142,,,,2022-03-29,2022-03-29,0.0,None,???,???,???,???,???,???,Jenkins Proxmox Plugin 0.6.0 and earlier disables SSL/TLS certificate validation globally for the Jenkins controller JVM when configured to ignore SSL/TLS issues.
37,CVE-2022-28141,,,,2022-03-29,2022-03-29,0.0,None,???,???,???,???,???,???,Jenkins Proxmox Plugin 0.5.0 and earlier stores the Proxmox Datacenter password unencrypted in the global config.xml file on the Jenkins controller where it can be viewed by users with access to the Jenkins controller file system.
38,CVE-2022-28140,,,,2022-03-29,2022-03-29,0.0,None,???,???,???,???,???,???,Jenkins Flaky Test Handler Plugin 1.2.1 and earlier does not configure its XML parser to prevent XML external entity (XXE) attacks.
39,CVE-2022-28139,,,,2022-03-29,2022-03-29,0.0,None,???,???,???,???,???,???,A missing permission check in Jenkins RocketChat Notifier Plugin 1.4.10 and earlier allows attackers with Overall/Read permission to connect to an attacker-specified URL using attacker-specified credentials.
40,CVE-2022-28138,,,CSRF,2022-03-29,2022-03-29,0.0,None,???,???,???,???,???,???,A cross-site request forgery (CSRF) vulnerability in Jenkins RocketChat Notifier Plugin 1.4.10 and earlier allows attackers to connect to an attacker-specified URL using attacker-specified credential.
41,CVE-2022-28137,,,,2022-03-29,2022-03-29,0.0,None,???,???,???,???,???,???,A missing permission check in Jenkins JiraTestResultReporter Plugin 165.v817928553942 and earlier allows attackers with Overall/Read permission to connect to an attacker-specified URL using attacker-specified credentials.
42,CVE-2022-28136,,,CSRF,2022-03-29,2022-03-29,0.0,None,???,???,???,???,???,???,A cross-site request forgery (CSRF) vulnerability in Jenkins JiraTestResultReporter Plugin 165.v817928553942 and earlier allows attackers to connect to an attacker-specified URL using attacker-specified credentials.
43,CVE-2022-28135,,,,2022-03-29,2022-03-29,0.0,None,???,???,???,???,???,???,Jenkins instant-messaging Plugin 1.41 and earlier stores passwords for group chats unencrypted in the global configuration file of plugins based on Jenkins instant-messaging Plugin on the Jenkins controller where they can be viewed by users with access to the Jenkins controller file system.
44,CVE-2022-28134,,,,2022-03-29,2022-03-29,0.0,None,???,???,???,???,???,???,"Jenkins Bitbucket Server Integration Plugin 3.1.0 and earlier does not perform permission checks in several HTTP endpoints, allowing attackers with Overall/Read permission to create, view, and delete BitBucket Server consumers."
45,CVE-2022-28133,,,XSS,2022-03-29,2022-03-29,0.0,None,???,???,???,???,???,???,"Jenkins Bitbucket Server Integration Plugin 3.1.0 and earlier does not limit URL schemes for callback URLs on OAuth consumers, resulting in a stored cross-site scripting (XSS) vulnerability exploitable by attackers able to create BitBucket Server consumers."
46,CVE-2022-28128,,,Exec Code +Priv,2022-03-31,2022-03-31,0.0,None,???,???,???,???,???,???,Untrusted search path vulnerability in AttacheCase ver.3.6.1.0 and earlier allows an attacker to gain privileges and execute arbitrary code via a Trojan horse DLL in an unspecified directory.
47,CVE-2022-27966,,,Exec Code,2022-03-31,2022-04-01,0.0,None,???,???,???,???,???,???,Xshell v7.0.0099 and below contains a binary hijack vulnerability which allows attackers to execute arbitrary code via a crafted .exe file.
48,CVE-2022-27965,,,Exec Code,2022-03-31,2022-04-01,0.0,None,???,???,???,???,???,???,Xlpd v7.0.0094 and below contains a binary hijack vulnerability which allows attackers to execute arbitrary code via a crafted .exe file.
49,CVE-2022-27964,,,Exec Code,2022-03-31,2022-04-01,0.0,None,???,???,???,???,???,???,Xmanager v7.0.0096 and below contains a binary hijack vulnerability which allows attackers to execute arbitrary code via a crafted .exe file.
50,CVE-2022-27963,,,Exec Code,2022-03-31,2022-04-01,0.0,None,???,???,???,???,???,???,Xftp 7.0.0088p and below contains a binary hijack vulnerability which allows attackers to execute arbitrary code via a crafted .exe file.
51,CVE-2022-27950,,,,2022-03-28,2022-03-28,0.0,None,???,???,???,???,???,???,"In drivers/hid/hid-elo.c in the Linux kernel before 5.16.11, a memory leak exists for a certain hid_parse error condition."
52,CVE-2022-27948,,,,2022-03-27,2022-03-29,0.0,None,???,???,???,???,???,???,** DISPUTED ** Certain Tesla vehicles through 2022-03-26 allow attackers to open the charging port via a 315 MHz RF signal containing a fixed sequence of approximately one hundred symbols. NOTE: the vendor's perspective is that the behavior is as intended.
53,CVE-2022-27947,78,,Exec Code,2022-03-26,2022-03-31,9.0,None,Remote,Low,???,Complete,Complete,Complete,"NETGEAR R8500 1.0.2.158 devices allow remote authenticated users to execute arbitrary commands (such as telnetd) via shell metacharacters in the ipv6_fix.cgi ipv6_wan_ipaddr, ipv6_lan_ipaddr, ipv6_wan_length, or ipv6_lan_length parameter."
54,CVE-2022-27946,78,,Exec Code,2022-03-26,2022-03-31,9.0,None,Remote,Low,???,Complete,Complete,Complete,NETGEAR R8500 1.0.2.158 devices allow remote authenticated users to execute arbitrary commands (such as telnetd) via shell metacharacters in the sysNewPasswd and sysConfirmPasswd parameters to admin_account.cgi.
55,CVE-2022-27945,78,,Exec Code,2022-03-26,2022-03-31,9.0,None,Remote,Low,???,Complete,Complete,Complete,NETGEAR R8500 1.0.2.158 devices allow remote authenticated users to execute arbitrary commands (such as telnetd) via shell metacharacters in the sysNewPasswd and sysConfirmPasswd parameters to password.cgi.
56,CVE-2022-27943,400,,,2022-03-26,2022-03-31,4.3,None,Remote,Medium,Not required,None,None,Partial,"libiberty/rust-demangle.c in GNU GCC 11.2 allows stack consumption in demangle_const, as demonstrated by nm-new."
57,CVE-2022-27942,787,,,2022-03-26,2022-03-30,6.8,None,Remote,Medium,Not required,Partial,Partial,Partial,tcpprep in Tcpreplay 4.4.1 has a heap-based buffer over-read in parse_mpls in common/get.c.
58,CVE-2022-27941,787,,,2022-03-26,2022-03-30,6.8,None,Remote,Medium,Not required,Partial,Partial,Partial,tcprewrite in Tcpreplay 4.4.1 has a heap-based buffer over-read in get_l2len_protocol in common/get.c.
59,CVE-2022-27940,787,,,2022-03-26,2022-03-30,6.8,None,Remote,Medium,Not required,Partial,Partial,Partial,tcprewrite in Tcpreplay 4.4.1 has a heap-based buffer over-read in get_ipv6_next in common/get.c.
60,CVE-2022-27939,617,,,2022-03-26,2022-03-30,4.3,None,Remote,Medium,Not required,None,None,Partial,tcprewrite in Tcpreplay 4.4.1 has a reachable assertion in get_layer4_v6 in common/get.c.
61,CVE-2022-27938,617,,,2022-03-26,2022-03-31,4.3,None,Remote,Medium,Not required,None,None,Partial,"stb_image.h (aka the stb image loader) 2.19, as used in libsixel and other products, has a reachable assertion in stbi__create_png_image_raw."
62,CVE-2022-27920,79,,XSS,2022-03-25,2022-03-31,4.3,None,Remote,Medium,Not required,None,Partial,None,libkiwix 10.0.0 and 10.0.1 allows XSS in the built-in webserver functionality via the search suggestions URL parameter. This is fixed in 10.1.0.
63,CVE-2022-27919,668,,Exec Code,2022-03-25,2022-03-30,7.5,None,Remote,Low,Not required,Partial,Partial,Partial,Gradle Enterprise before 2022.1 allows remote code execution if the installation process did not specify an initial configuration file. The configuration allows certain anonymous access to administration and an API.
64,CVE-2022-27907,,,,2022-03-30,2022-03-30,0.0,None,???,???,???,???,???,???,Sonatype Nexus Repository Manager 3.x before 3.38.0 allows SSRF.
65,CVE-2022-27906,22,,Dir. Trav.,2022-03-25,2022-04-01,4.3,None,Remote,Medium,Not required,None,Partial,None,"Mendelson OFTP2 before 1.1 b43 is affected by directory traversal. To access the vulnerable code path, the attacker has to know one of the configured Odette IDs of the OFTP2 server. An attacker can upload files to the server outside of the intended upload directory."
66,CVE-2022-27887,79,,XSS,2022-03-25,2022-03-30,4.3,None,Remote,Medium,Not required,None,Partial,None,Maccms v10 was discovered to contain a reflected cross-site scripting (XSS) vulnerability in /admin.php/admin/vod/data.html via the repeat parameter.
67,CVE-2022-27886,79,,XSS,2022-03-25,2022-03-30,4.3,None,Remote,Medium,Not required,None,Partial,None,Maccms v10 was discovered to contain a reflected cross-site scripting (XSS) vulnerability in /admin.php/admin/ulog/index.html via the wd parameter.
68,CVE-2022-27885,79,,XSS,2022-03-25,2022-03-30,4.3,None,Remote,Medium,Not required,None,Partial,None,Maccms v10 was discovered to contain multiple reflected cross-site scripting (XSS) vulnerabilities in /admin.php/admin/website/data.html via the select and input parameters.
69,CVE-2022-27884,79,,XSS,2022-03-25,2022-03-30,4.3,None,Remote,Medium,Not required,None,Partial,None,Maccms v10 was discovered to contain a reflected cross-site scripting (XSS) vulnerability in /admin.php/admin/plog/index.html via the wd parameter.
70,CVE-2022-27882,,,Overflow,2022-03-25,2022-03-25,0.0,None,???,???,???,???,???,???,slaacd in OpenBSD 6.9 and 7.0 before 2022-03-22 has an integer signedness error and resultant heap-based buffer overflow triggerable by a crafted IPv6 router advertisement. NOTE: privilege separation and pledge can prevent exploitation.
71,CVE-2022-27881,,,Overflow,2022-03-25,2022-03-25,0.0,None,???,???,???,???,???,???,engine.c in slaacd in OpenBSD 6.9 and 7.0 before 2022-02-21 has a buffer overflow triggerable by an IPv6 router advertisement with more than seven nameservers. NOTE: privilege separation and pledge can prevent exploitation.
72,CVE-2022-27820,295,,,2022-03-24,2022-03-31,4.3,None,Remote,Medium,Not required,None,Partial,None,OWASP Zed Attack Proxy (ZAP) through w2022-03-21 does not verify the TLS certificate chain of an HTTPS server.
73,CVE-2022-27816,,,DoS,2022-03-30,2022-03-30,0.0,None,???,???,???,???,???,???,SWHKD 1.1.5 unsafely uses the /tmp/swhks.pid pathname. There can be data loss or a denial of service.
74,CVE-2022-27815,,,DoS +Info,2022-03-30,2022-03-30,0.0,None,???,???,???,???,???,???,SWHKD 1.1.5 unsafely uses the /tmp/swhkd.pid pathname. There can be an information leak or denial of service.
75,CVE-2022-27811,78,,,2022-03-24,2022-03-30,7.5,None,Remote,Low,Not required,Partial,Partial,Partial,GNOME OCRFeeder before 0.8.4 allows OS command injection via shell metacharacters in a PDF or image filename.
76,CVE-2022-27772,,,,2022-03-30,2022-03-30,0.0,None,???,???,???,???,???,???,** UNSUPPORTED WHEN ASSIGNED ** spring-boot versions prior to version v2.2.11.RELEASE was vulnerable to temporary directory hijacking. This vulnerability impacted the org.springframework.boot.web.server.AbstractConfigurableWebServerFactory.createTempDir method. NOTE: This vulnerability only affects products and/or versions that are no longer supported by the maintainer.
77,CVE-2022-27666,787,,Overflow,2022-03-23,2022-03-29,4.6,None,Local,Low,Not required,Partial,Partial,Partial,A heap buffer overflow flaw was found in IPsec ESP transformation code in net/ipv4/esp4.c and net/ipv6/esp6.c. This flaw allows a local attacker with a normal user privilege to overwrite kernel heap objects and may cause a local privilege escalation threat.
78,CVE-2022-27658,862,,,2022-03-28,2022-03-28,0.0,None,???,???,???,???,???,???,"Under certain conditions, SAP Innovation management - version 2.0, allows an attacker to access information which could lead to information gathering for further exploits and attacks."
79,CVE-2022-27607,125,,,2022-03-21,2022-03-29,5.8,None,Remote,Medium,Not required,Partial,None,Partial,"Bento4 1.6.0-639 has a heap-based buffer over-read in the AP4_HvccAtom class, a different issue than CVE-2018-14531."
80,CVE-2022-27534,,,Exec Code,2022-04-01,2022-04-02,0.0,None,???,???,???,???,???,???,Kaspersky Anti-Virus products for home and Kaspersky Endpoint Security with antivirus databases released before 12 March 2022 had a bug in a data parsing module that potentially allowed an attacker to execute arbitrary code. The fix was delivered automatically. Credits: Georgy Zaytsev (Positive Technologies).
81,CVE-2022-27496,,,XSS,2022-03-31,2022-03-31,0.0,None,???,???,???,???,???,???,Cross-site scripting vulnerability in Zero-channel BBS Plus v0.7.4 and earlier allows a remote attacker to inject an arbitrary script via unspecified vectors.
82,CVE-2022-27432,,,CSRF,2022-03-30,2022-03-30,0.0,None,???,???,???,???,???,???,A Cross-Site Request Forgery (CSRF) in Pluck CMS v4.7.15 allows attackers to change the password of any given user by exploiting this feature leading to account takeover.
83,CVE-2022-27333,862,,,2022-03-21,2022-03-29,5.0,None,Remote,Low,Not required,None,Partial,None,"idcCMS v1.10 was discovered to contain an issue which allows attackers to arbitrarily delete the install.lock file, resulting in a reset of the CMS settings and data."
84,CVE-2022-27306,,,,2022-04-01,2022-04-02,0.0,None,???,???,???,???,???,???,The function url.parse() in Node.js v17.7.0 allows attackers to spoof a hostname.
85,CVE-2022-27254,294,,,2022-03-23,2022-03-31,2.9,None,Local Network,Medium,Not required,None,Partial,None,"The remote keyless system on Honda Civic 2018 vehicles sends the same RF signal for each door-open request, which allows for a replay attack, a related issue to CVE-2019-20626."
86,CVE-2022-27250,,,+Info,2022-03-18,2022-03-21,0.0,None,???,???,???,???,???,???,"The UNISOC chipset through 2022-03-15 allows attackers to obtain remote control of a mobile phone, e.g., to obtain sensitive information from text messages or the device's screen, record video of the device's physical environment, or modify data."
87,CVE-2022-27249,,,Exec Code,2022-04-03,2022-04-03,0.0,None,???,???,???,???,???,???,"An unrestricted file upload vulnerability in IdeaRE RefTree before 2021.09.17 allows remote authenticated users to execute arbitrary code by using UploadDwg to upload a crafted aspx file to the web root, and then visiting the URL for this aspx resource."
88,CVE-2022-27248,,,Dir. Trav.,2022-04-03,2022-04-03,0.0,None,???,???,???,???,???,???,A directory traversal vulnerability in IdeaRE RefTree before 2021.09.17 allows remote authenticated users to download arbitrary .dwg files from a remote server by specifying an absolute or relative path when invoking the affected DownloadDwg endpoint. An attack uses the path field to CaddemServiceJS/CaddemService.svc/rest/DownloadDwg.
89,CVE-2022-27246,79,,XSS,2022-03-18,2022-03-25,4.3,None,Remote,Medium,Not required,None,Partial,None,An issue was discovered in MISP before 2.4.156. An SVG org logo (which may contain JavaScript) is not forbidden by default.
90,CVE-2022-27245,918,,,2022-03-18,2022-03-25,6.8,None,Remote,Medium,Not required,Partial,Partial,Partial,An issue was discovered in MISP before 2.4.156. app/Model/Server.php does not restrict generateServerSettings to the CLI. This could lead to SSRF.
91,CVE-2022-27244,79,,XSS,2022-03-18,2022-03-25,3.5,None,Remote,Medium,???,None,Partial,None,An issue was discovered in MISP before 2.4.156. A malicious site administrator could store an XSS payload in the custom auth name. This would be executed each time the administrator modifies a user.
92,CVE-2022-27243,,,File Inclusion,2022-03-18,2022-03-25,6.8,None,Remote,Medium,Not required,Partial,Partial,Partial,An issue was discovered in MISP before 2.4.156. app/View/Users/terms.ctp allows Local File Inclusion via the custom terms file setting.
93,CVE-2022-27240,120,,Overflow,2022-03-18,2022-03-25,7.5,None,Remote,Low,Not required,Partial,Partial,Partial,scheme/webauthn.c in Glewlwyd SSO server 2.x before 2.6.2 has a buffer overflow associated with a webauthn assertion.
94,CVE-2022-27228,20,,Exec Code,2022-03-22,2022-03-28,10.0,None,Remote,Low,Not required,Complete,Complete,Complete,"In the vote (aka ""Polls, Votes"") module before 21.0.100 of Bitrix Site Manager, a remote unauthenticated attacker can execute arbitrary code."
95,CVE-2022-27227,,,,2022-03-25,2022-03-31,4.3,None,Remote,Medium,Not required,None,None,Partial,"In PowerDNS Authoritative Server before 4.4.3, 4.5.x before 4.5.4, and 4.6.x before 4.6.1 and PowerDNS Recursor before 4.4.8, 4.5.x before 4.5.8, and 4.6.x before 4.6.1, insufficient validation of an IXFR end condition causes incomplete zone transfers to be handled as successful transfers."
96,CVE-2022-27226,352,,Exec Code CSRF,2022-03-19,2022-03-28,9.3,None,Remote,Medium,Not required,Complete,Complete,Complete,"A CSRF issue in /api/crontab on iRZ Mobile Routers through 2022-03-16 allows a threat actor to create a crontab entry in the router administration panel. The cronjob will consequently execute the entry on the threat actor's defined interval, leading to remote code execution, allowing the threat actor to gain filesystem access. In addition, if the router's default credentials aren't rotated or a threat actor discovers valid credentials, remote code execution can be achieved without user interaction."
97,CVE-2022-27225,311,,,2022-03-16,2022-03-22,4.3,None,Remote,Medium,Not required,Partial,None,None,"Gradle Enterprise before 2021.4.3 relies on cleartext data transmission in some situations. It uses Keycloak for identity management services. During the sign-in process, Keycloak sets browser cookies that effectively provide remember-me functionality. For backwards compatibility with older Safari versions, Keycloak sets a duplicate of the cookie without the Secure attribute, which allows the cookie to be sent when accessing the location that cookie is set for via HTTP. This creates the potential for an attacker (with the ability to impersonate the Gradle Enterprise host) to capture the login session of a user by having them click an http:// link to the server, despite the real server requiring HTTPS."
98,CVE-2022-27223,129,,,2022-03-16,2022-03-22,6.5,None,Remote,Low,???,Partial,Partial,Partial,"In drivers/usb/gadget/udc/udc-xilinx.c in the Linux kernel before 5.16.12, the endpoint index is not validated and might be manipulated by the host for out-of-array access."
99,CVE-2022-27218,,,,2022-03-15,2022-03-25,4.0,None,Remote,Low,???,Partial,None,None,"Jenkins incapptic connect uploader Plugin 1.15 and earlier stores tokens unencrypted in job config.xml files on the Jenkins controller where they can be viewed by users with Extended Read permission, or access to the Jenkins controller file system."
100,CVE-2022-27217,522,,,2022-03-15,2022-03-25,4.0,None,Remote,Low,???,Partial,None,None,"Jenkins Vmware vRealize CodeStream Plugin 1.2 and earlier stores passwords unencrypted in job config.xml files on the Jenkins controller where they can be viewed by users with Extended Read permission, or access to the Jenkins controller file system."
101,CVE-2022-27216,522,,,2022-03-15,2022-03-25,4.0,None,Remote,Low,???,Partial,None,None,Jenkins dbCharts Plugin 0.5.2 and earlier stores JDBC connection passwords unencrypted in its global configuration file on the Jenkins controller where they can be viewed by users with access to the Jenkins controller file system.
102,CVE-2022-27215,281,,,2022-03-15,2022-03-25,4.0,None,Remote,Low,???,None,Partial,None,A missing permission check in Jenkins Release Helper Plugin 1.3.3 and earlier allows attackers with Overall/Read permission to connect to an attacker-specified URL using attacker-specified credentials.
103,CVE-2022-27214,352,,CSRF,2022-03-15,2022-03-22,4.0,None,Remote,Low,???,None,Partial,None,A cross-site request forgery (CSRF) vulnerability in Jenkins Release Helper Plugin 1.3.3 and earlier allows attackers to connect to an attacker-specified URL using attacker-specified credentials.
104,CVE-2022-27213,79,,XSS,2022-03-15,2022-03-25,3.5,None,Remote,Medium,???,None,Partial,None,"Jenkins Environment Dashboard Plugin 1.1.10 and earlier does not escape the Environment order and the Component order configuration values in its views, resulting in a stored cross-site scripting (XSS) vulnerability exploitable by attackers with View/Configure permission."
105,CVE-2022-27212,79,,XSS,2022-03-15,2022-03-22,3.5,None,Remote,Medium,???,None,Partial,None,"Jenkins List Git Branches Parameter Plugin 0.0.9 and earlier does not escape the name of the 'List Git branches (and more)' parameter, resulting in a stored cross-site scripting (XSS) vulnerability exploitable by attackers with Item/Configure permission."
106,CVE-2022-27211,862,,,2022-03-15,2022-03-24,4.0,None,Remote,Low,???,Partial,None,None,"A missing/An incorrect permission check in Jenkins Kubernetes Continuous Deploy Plugin 2.3.1 and earlier allows attackers with Overall/Read permission to connect to an attacker-specified SSH server using attacker-specified credentials IDs obtained through another method, capturing credentials stored in Jenkins."
107,CVE-2022-27210,352,,CSRF,2022-03-15,2022-03-22,4.3,None,Remote,Medium,Not required,Partial,None,None,"A cross-site request forgery (CSRF) vulnerability in Jenkins Kubernetes Continuous Deploy Plugin 2.3.1 and earlier allows attackers to connect to an attacker-specified SSH server using attacker-specified credentials IDs obtained through another method, capturing credentials stored in Jenkins."
108,CVE-2022-27209,862,,,2022-03-15,2022-03-24,4.0,None,Remote,Low,???,Partial,None,None,A missing permission check in Jenkins Kubernetes Continuous Deploy Plugin 2.3.1 and earlier allows attackers with Overall/Read permission to enumerate credentials IDs of credentials stored in Jenkins.
109,CVE-2022-27208,22,,Dir. Trav.,2022-03-15,2022-03-22,4.0,None,Remote,Low,???,Partial,None,None,Jenkins Kubernetes Continuous Deploy Plugin 2.3.1 and earlier allows users with Credentials/Create permission to read arbitrary files on the Jenkins controller.
110,CVE-2022-27207,79,,XSS,2022-03-15,2022-03-23,3.5,None,Remote,Medium,???,None,Partial,None,"Jenkins global-build-stats Plugin 1.5 and earlier does not escape multiple fields in the chart configuration on the 'Global Build Stats' page, resulting in a stored cross-site scripting (XSS) vulnerability exploitable by attackers with Overall/Administer permission."
111,CVE-2022-27206,311,,,2022-03-15,2022-03-23,4.0,None,Remote,Low,???,Partial,None,None,Jenkins GitLab Authentication Plugin 1.13 and earlier stores the GitLab client secret unencrypted in the global config.xml file on the Jenkins controller where it can be viewed by users with access to the Jenkins controller file system.
112,CVE-2022-27205,276,,,2022-03-15,2022-03-23,4.0,None,Remote,Low,???,None,Partial,None,A missing permission check in Jenkins Extended Choice Parameter Plugin 346.vd87693c5a_86c and earlier allows attackers with Overall/Read permission to connect to an attacker-specified URL.
113,CVE-2022-27204,352,,CSRF,2022-03-15,2022-03-23,6.8,None,Remote,Medium,Not required,Partial,Partial,Partial,A cross-site request forgery vulnerability in Jenkins Extended Choice Parameter Plugin 346.vd87693c5a_86c and earlier allows attackers to connect to an attacker-specified URL.
114,CVE-2022-27203,22,,Dir. Trav.,2022-03-15,2022-03-23,4.0,None,Remote,Low,???,Partial,None,None,Jenkins Extended Choice Parameter Plugin 346.vd87693c5a_86c and earlier allows attackers with Item/Configure permission to read values from arbitrary JSON and Java properties files on the Jenkins controller.
115,CVE-2022-27202,79,,XSS,2022-03-15,2022-03-23,3.5,None,Remote,Medium,???,None,Partial,None,"Jenkins Extended Choice Parameter Plugin 346.vd87693c5a_86c and earlier does not escape the value and description of extended choice parameters of radio buttons or check boxes type, resulting in a stored cross-site scripting (XSS) vulnerability exploitable by attackers with Item/Configure permission."
116,CVE-2022-27201,918,,,2022-03-15,2022-03-22,4.0,None,Remote,Low,???,Partial,None,None,"Jenkins Semantic Versioning Plugin 1.13 and earlier does not restrict execution of an controller/agent message to agents, and implements no limitations about the file path that can be parsed, allowing attackers able to control agent processes to have Jenkins parse a crafted file that uses external entities for extraction of secrets from the Jenkins controller or server-side request forgery."
117,CVE-2022-27200,79,,XSS,2022-03-15,2022-03-22,3.5,None,Remote,Medium,???,None,Partial,None,"Jenkins Folder-based Authorization Strategy Plugin 1.3 and earlier does not escape the names of roles shown on the configuration form, resulting in a stored cross-site scripting (XSS) vulnerability exploitable by attackers with Overall/Administer permission."
118,CVE-2022-27199,276,,,2022-03-15,2022-03-22,4.0,None,Remote,Low,???,None,Partial,None,A missing permission check in Jenkins CloudBees AWS Credentials Plugin 189.v3551d5642995 and earlier allows attackers with Overall/Read permission to connect to an AWS service using an attacker-specified token.
119,CVE-2022-27198,352,,CSRF,2022-03-15,2022-03-23,6.0,None,Remote,Medium,???,Partial,Partial,Partial,A cross-site request forgery (CSRF) vulnerability in Jenkins CloudBees AWS Credentials Plugin 189.v3551d5642995 and earlier allows attackers with Overall/Read permission to connect to an AWS service using an attacker-specified token.
120,CVE-2022-27197,79,,XSS,2022-03-15,2022-03-23,3.5,None,Remote,Medium,???,None,Partial,None,"Jenkins Dashboard View Plugin 2.18 and earlier does not perform URL validation for the Iframe Portlet's Iframe source URL, resulting in a stored cross-site scripting (XSS) vulnerability exploitable by attackers able to configure views."
121,CVE-2022-27196,79,,XSS,2022-03-15,2022-03-23,3.5,None,Remote,Medium,???,None,Partial,None,"Jenkins Favorite Plugin 2.4.0 and earlier does not escape the names of jobs in the favorite column, resulting in a stored cross-site scripting (XSS) vulnerability exploitable by attackers with Item/Configure or Item/Create permissions."
122,CVE-2022-27195,532,,,2022-03-15,2022-03-23,2.1,None,Local,Low,Not required,Partial,None,None,"Jenkins Parameterized Trigger Plugin 2.43 and earlier captures environment variables passed to builds triggered using Jenkins Parameterized Trigger Plugin, including password parameter values, in their `build.xml` files. These values are stored unencrypted and can be viewed by users with access to the Jenkins controller file system."
123,CVE-2022-27193,552,,,2022-03-15,2022-03-21,4.3,None,Remote,Medium,Not required,Partial,None,None,CVRF-CSAF-Converter before 1.0.0-rc2 resolves XML External Entities (XXE). This leads to the inclusion of arbitrary (local) file content into the generated output document. An attacker can exploit this to disclose information from the system running the converter.
124,CVE-2022-27192,200,,+Info,2022-03-23,2022-03-31,5.0,None,Remote,Low,Not required,Partial,None,None,The Reporting module in Aseco Lietuva document management system DVS Avilys before 2022-03-10 allows unauthorized file download. An unauthenticated attacker can impersonate an administrator by reading administrative files.
125,CVE-2022-27191,327,,,2022-03-18,2022-03-25,4.3,None,Remote,Medium,Not required,None,None,Partial,golang.org/x/crypto/ssh before 0.0.0-20220314234659-1baeb1ce4c0b in Go through 1.16.15 and 1.17.x through 1.17.8 allows an attacker to crash a server in certain circumstances involving AddHostKey.
126,CVE-2022-27177,,,Exec Code,2022-04-01,2022-04-02,0.0,None,???,???,???,???,???,???,A Python format string issue leading to information disclosure and potentially remote code execution in ConsoleMe for all versions prior to 1.2.2
127,CVE-2022-27175,89,,Exec Code Sql,2022-03-29,2022-04-01,10.0,None,Remote,Low,Not required,Complete,Complete,Complete,"Delta Electronics DIAEnergie (All versions prior to 1.8.02.004) has a blind SQL injection vulnerability that exists in GetCalcTagList. This allows an attacker to inject arbitrary SQL queries, retrieve and modify database contents, and execute system commands."
128,CVE-2022-27090,601,,,2022-03-21,2022-03-29,4.9,None,Remote,Medium,???,Partial,Partial,None,Cscms Music Portal System v4.2 was discovered to contain a redirection vulnerability via the backurl parameter.
129,CVE-2022-27083,78,,,2022-03-24,2022-03-29,10.0,None,Remote,Low,Not required,Complete,Complete,Complete,Tenda M3 1.10 V1.0.0.12(4856) was discovered to contain a command injection vulnerability via the component /cgi-bin/uploadAccessCodePic.
130,CVE-2022-27082,78,,,2022-03-24,2022-03-29,10.0,None,Remote,Low,Not required,Complete,Complete,Complete,Tenda M3 1.10 V1.0.0.12(4856) was discovered to contain a command injection vulnerability via the component /goform/SetInternetLanInfo.
131,CVE-2022-27081,78,,,2022-03-24,2022-03-29,10.0,None,Remote,Low,Not required,Complete,Complete,Complete,Tenda M3 1.10 V1.0.0.12(4856) was discovered to contain a command injection vulnerability via the component /goform/SetLanInfo.
132,CVE-2022-27080,78,,,2022-03-24,2022-03-29,10.0,None,Remote,Low,Not required,Complete,Complete,Complete,Tenda M3 1.10 V1.0.0.12(4856) was discovered to contain a command injection vulnerability via the component /goform/setWorkmode.
133,CVE-2022-27079,78,,,2022-03-24,2022-03-29,10.0,None,Remote,Low,Not required,Complete,Complete,Complete,Tenda M3 1.10 V1.0.0.12(4856) was discovered to contain a command injection vulnerability via the component /goform/setPicListItem.
134,CVE-2022-27078,78,,,2022-03-24,2022-03-29,10.0,None,Remote,Low,Not required,Complete,Complete,Complete,Tenda M3 1.10 V1.0.0.12(4856) was discovered to contain a command injection vulnerability via the component /goform/setAdInfoDetail.
135,CVE-2022-27077,78,,,2022-03-24,2022-03-29,10.0,None,Remote,Low,Not required,Complete,Complete,Complete,Tenda M3 1.10 V1.0.0.12(4856) was discovered to contain a command injection vulnerability via the component /cgi-bin/uploadWeiXinPic.
136,CVE-2022-27076,78,,,2022-03-24,2022-03-29,10.0,None,Remote,Low,Not required,Complete,Complete,Complete,Tenda M3 1.10 V1.0.0.12(4856) was discovered to contain a command injection vulnerability via the component /goform/delAd.
137,CVE-2022-27052,,,,2022-03-31,2022-04-01,0.0,None,???,???,???,???,???,???,FreeFtpd version 1.0.13 and below contains an unquoted service path vulnerability which allows local users to launch processes with elevated privileges.
138,CVE-2022-27050,,,,2022-03-31,2022-04-01,0.0,None,???,???,???,???,???,???,BitComet Service for Windows before version 1.8.6 contains an unquoted service path vulnerability which allows attackers to escalate privileges to the system level.
139,CVE-2022-27049,,,,2022-03-31,2022-04-01,0.0,None,???,???,???,???,???,???,Raidrive before v2021.12.35 allows attackers to arbitrarily move log files by pre-creating a mountpoint and log files before Raidrive is installed.
140,CVE-2022-27005,77,,Exec Code,2022-03-15,2022-03-22,7.5,None,Remote,Low,Not required,Partial,Partial,Partial,Totolink routers s X5000R V9.1.0u.6118_B20201102 and A7000R V9.1.0u.6115_B20201022 were discovered to contain a command injection vulnerability in the setWanCfg function via the hostName parameter. This vulnerability allows attackers to execute arbitrary commands via a crafted request.
141,CVE-2022-27004,77,,Exec Code,2022-03-15,2022-03-22,7.5,None,Remote,Low,Not required,Partial,Partial,Partial,Totolink routers s X5000R V9.1.0u.6118_B20201102 and A7000R V9.1.0u.6115_B20201022 were discovered to contain a command injection vulnerability in the Tunnel 6in4 function via the remote6in4 parameter. This vulnerability allows attackers to execute arbitrary commands via a crafted request.
142,CVE-2022-27003,77,,Exec Code,2022-03-15,2022-03-22,7.5,None,Remote,Low,Not required,Partial,Partial,Partial,Totolink routers s X5000R V9.1.0u.6118_B20201102 and A7000R V9.1.0u.6115_B20201022 were discovered to contain a command injection vulnerability in the Tunnel 6rd function via the relay6rd parameter. This vulnerability allows attackers to execute arbitrary commands via a crafted request.
143,CVE-2022-27002,78,,Exec Code,2022-03-15,2022-03-25,10.0,None,Remote,Low,Not required,Complete,Complete,Complete,"Arris TR3300 v1.0.13 were discovered to contain a command injection vulnerability in the ddns function via the ddns_name, ddns_pwd, h_ddns?ddns_host parameters. This vulnerability allows attackers to execute arbitrary commands via a crafted request."
144,CVE-2022-27001,78,,Exec Code,2022-03-15,2022-03-25,10.0,None,Remote,Low,Not required,Complete,Complete,Complete,Arris TR3300 v1.0.13 were discovered to contain a command injection vulnerability in the dhcp function via the hostname parameter. This vulnerability allows attackers to execute arbitrary commands via a crafted request.
145,CVE-2022-27000,78,,Exec Code,2022-03-15,2022-03-25,10.0,None,Remote,Low,Not required,Complete,Complete,Complete,"Arris TR3300 v1.0.13 was discovered to contain a command injection vulnerability in the time and time zone function via the h_primary_ntp_server, h_backup_ntp_server, and h_time_zone parameters. This vulnerability allows attackers to execute arbitrary commands via a crafted request."
146,CVE-2022-26999,78,,Exec Code,2022-03-15,2022-03-25,10.0,None,Remote,Low,Not required,Complete,Complete,Complete,"Arris TR3300 v1.0.13 was discovered to contain a command injection vulnerability in the static ip settings function via the wan_ip_stat, wan_mask_stat, wan_gw_stat, and wan_dns1_stat parameters. This vulnerability allows attackers to execute arbitrary commands via a crafted request."
147,CVE-2022-26998,78,,Exec Code,2022-03-15,2022-03-25,10.0,None,Remote,Low,Not required,Complete,Complete,Complete,Arris TR3300 v1.0.13 was discovered to contain a command injection vulnerability in the wps setting function via the wps_enrolee_pin parameter. This vulnerability allows attackers to execute arbitrary commands via a crafted request.
148,CVE-2022-26997,78,,Exec Code,2022-03-15,2022-03-25,10.0,None,Remote,Low,Not required,Complete,Complete,Complete,Arris TR3300 v1.0.13 was discovered to contain a command injection vulnerability in the upnp function via the upnp_ttl parameter. This vulnerability allows attackers to execute arbitrary commands via a crafted request.
149,CVE-2022-26996,78,,Exec Code,2022-03-15,2022-03-25,10.0,None,Remote,Low,Not required,Complete,Complete,Complete,"Arris TR3300 v1.0.13 was discovered to contain a command injection vulnerability in the pppoe function via the pppoe_username, pppoe_passwd, and pppoe_servicename parameters. This vulnerability allows attackers to execute arbitrary commands via a crafted request."
150,CVE-2022-26995,78,,Exec Code,2022-03-15,2022-03-25,10.0,None,Remote,Low,Not required,Complete,Complete,Complete,"Arris TR3300 v1.0.13 was discovered to contain a command injection vulnerability in the pptp (wan_pptp.html) function via the pptp_fix_ip, pptp_fix_mask, pptp_fix_gw, and wan_dns1_stat parameters. This vulnerability allows attackers to execute arbitrary commands via a crafted request."
151,CVE-2022-26994,77,,Exec Code,2022-03-15,2022-03-22,7.5,None,Remote,Low,Not required,Partial,Partial,Partial,"Arris routers SBR-AC1900P 1.0.7-B05, SBR-AC3200P 1.0.7-B05 and SBR-AC1200P 1.0.5-B05 were discovered to contain a command injection vulnerability in the pptp function via the pptpUserName and pptpPassword parameters. This vulnerability allows attackers to execute arbitrary commands via a crafted request."
152,CVE-2022-26993,77,,Exec Code,2022-03-15,2022-03-22,7.5,None,Remote,Low,Not required,Partial,Partial,Partial,"Arris routers SBR-AC1900P 1.0.7-B05, SBR-AC3200P 1.0.7-B05 and SBR-AC1200P 1.0.5-B05 were discovered to contain a command injection vulnerability in the pppoe function via the pppoeUserName, pppoePassword, and pppoe_Service parameters. This vulnerability allows attackers to execute arbitrary commands via a crafted request."
153,CVE-2022-26992,77,,Exec Code,2022-03-15,2022-03-22,7.5,None,Remote,Low,Not required,Partial,Partial,Partial,"Arris routers SBR-AC1900P 1.0.7-B05, SBR-AC3200P 1.0.7-B05 and SBR-AC1200P 1.0.5-B05 were discovered to contain a command injection vulnerability in the ddns function via the DdnsUserName, DdnsHostName, and DdnsPassword parameters. This vulnerability allows attackers to execute arbitrary commands via a crafted request."
154,CVE-2022-26991,77,,Exec Code,2022-03-15,2022-03-22,7.5,None,Remote,Low,Not required,Partial,Partial,Partial,"Arris routers SBR-AC1900P 1.0.7-B05, SBR-AC3200P 1.0.7-B05 and SBR-AC1200P 1.0.5-B05 were discovered to contain a command injection vulnerability in the ntp function via the TimeZone parameter. This vulnerability allows attackers to execute arbitrary commands via a crafted request."
155,CVE-2022-26990,77,,Exec Code,2022-03-15,2022-03-22,7.5,None,Remote,Low,Not required,Partial,Partial,Partial,"Arris routers SBR-AC1900P 1.0.7-B05, SBR-AC3200P 1.0.7-B05 and SBR-AC1200P 1.0.5-B05 were discovered to contain a command injection vulnerability in the firewall-local log function via the EmailAddress, SmtpServerName, SmtpUsername, and SmtpPassword parameters. This vulnerability allows attackers to execute arbitrary commands via a crafted request."
156,CVE-2022-26981,120,,Overflow,2022-03-13,2022-03-19,6.8,None,Remote,Medium,Not required,Partial,Partial,Partial,"Liblouis through 3.21.0 has a buffer overflow in compilePassOpcode in compileTranslationTable.c (called, indirectly, by tools/lou_checktable.c)."
157,CVE-2022-26980,,,XSS,2022-03-28,2022-03-28,0.0,None,???,???,???,???,???,???,Teampass 2.1.26 allows reflected XSS via the index.php PATH_INFO.
158,CVE-2022-26967,787,,Overflow,2022-03-12,2022-03-18,6.8,None,Remote,Medium,Not required,Partial,Partial,Partial,GPAC 2.0 allows a heap-based buffer overflow in gf_base64_encode. It can be triggered via MP4Box.
159,CVE-2022-26966,,,+Info,2022-03-12,2022-03-18,2.1,None,Local,Low,Not required,Partial,None,None,An issue was discovered in the Linux kernel before 5.16.12. drivers/net/usb/sr9700.c allows attackers to obtain sensitive information from heap memory via crafted frame lengths from a device.
160,CVE-2022-26965,434,,Exec Code,2022-03-18,2022-03-25,6.5,None,Remote,Low,???,Partial,Partial,Partial,"In Pluck 4.7.16, an admin user can use the theme upload functionality at /admin.php?action=themeinstall to perform remote code execution."
161,CVE-2022-26960,22,,Dir. Trav.,2022-03-21,2022-03-30,6.4,None,Remote,Low,Not required,Partial,Partial,None,"connector.minimal.php in std42 elFinder through 2.1.60 is affected by path traversal. This allows unauthenticated remote attackers to read, write, and browse files outside the configured document root. This is due to improper handling of absolute file paths."
162,CVE-2022-26951,,,Exec Code XSS,2022-03-30,2022-03-30,0.0,None,???,???,???,???,???,???,Archer 6.x through 6.10 (6.10.0.0) contains a reflected XSS vulnerability. A remote SAML-unauthenticated malicious Archer user could potentially exploit this vulnerability by tricking a victim application user into supplying malicious HTML or JavaScript code to the vulnerable web application; the malicious code is then reflected back to the victim and gets executed by the web browser in the context of the vulnerable web application.
163,CVE-2022-26950,,,,2022-03-30,2022-03-30,0.0,None,???,???,???,???,???,???,Archer 6.x through 6.9 P2 (6.9.0.2) is affected by an open redirect vulnerability. A remote unprivileged attacker may potentially redirect legitimate users to arbitrary web sites and conduct phishing attacks. The attacker could then steal the victims' credentials and silently authenticate them to the Archer application without the victims realizing an attack occurred.
164,CVE-2022-26949,,,+Priv,2022-03-30,2022-03-30,0.0,None,???,???,???,???,???,???,Archer 6.x through 6.9 SP2 P1 (6.9.2.1) contains an improper access control vulnerability on attachments. A remote authenticated malicious user could potentially exploit this vulnerability to gain access to files that should only be allowed by extra privileges.
165,CVE-2022-26948,,,+Info,2022-03-30,2022-03-30,0.0,None,???,???,???,???,???,???,The Archer RSS feed integration for Archer 6.x through 6.9 SP1 (6.9.1.0) is affected by an insecure credential storage vulnerability. A malicious attacker may obtain access to credential information to use it in further attacks.
166,CVE-2022-26947,,,Exec Code XSS,2022-03-30,2022-03-30,0.0,None,???,???,???,???,???,???,Archer 6.x through 6.9 SP3 (6.9.3.0) contains a reflected XSS vulnerability. A remote authenticated malicious Archer user could potentially exploit this vulnerability by tricking a victim application user into supplying malicious HTML or JavaScript code to the vulnerable web application; the malicious code is then reflected back to the victim and gets executed by the web browser in the context of the vulnerable web application.
167,CVE-2022-26887,89,,Exec Code Sql,2022-03-29,2022-04-01,10.0,None,Remote,Low,Not required,Complete,Complete,Complete,"Delta Electronics DIAEnergie (All versions prior to 1.8.02.004) has a blind SQL injection vulnerability that exists in DIAE_HandlerTag_KID.ashx. This allows an attacker to inject arbitrary SQL queries, retrieve and modify database contents, and execute system commands."
168,CVE-2022-26878,772,,,2022-03-11,2022-03-22,2.1,None,Local,Low,Not required,None,None,Partial,drivers/bluetooth/virtio_bt.c in the Linux kernel before 5.16.3 has a memory leak (socket buffers have memory allocated but not freed).
169,CVE-2022-26874,79,,XSS,2022-03-11,2022-03-22,3.5,None,Remote,Medium,???,None,Partial,None,"lib/Horde/Mime/Viewer/Ooo.php in Horde Mime_Viewer before 2.2.4 allows XSS via an OpenOffice document, leading to account takeover in Horde Groupware Webmail Edition. This occurs after XSLT rendering."
170,CVE-2022-26871,,,Exec Code,2022-03-29,2022-03-30,0.0,None,???,???,???,???,???,???,An arbitrary file upload vulnerability in Trend Micro Apex Central could allow an unauthenticated remote attacker to upload an arbitrary file which could lead to remote code execution.
171,CVE-2022-26847,200,,+Info,2022-03-10,2022-03-18,5.0,None,Remote,Low,Not required,Partial,None,None,SPIP before 3.2.14 and 4.x before 4.0.5 allows unauthenticated access to information about editorial objects.
172,CVE-2022-26846,,,Exec Code,2022-03-10,2022-03-18,6.5,None,Remote,Low,???,Partial,Partial,Partial,SPIP before 3.2.14 and 4.x before 4.0.5 allows remote authenticated editors to execute arbitrary code.
173,CVE-2022-26839,,,,2022-03-29,2022-03-29,0.0,None,???,???,???,???,???,???,"Delta Electronics DIAEnergie (All versions prior to 1.8.02.004) is vulnerable to an incorrect default permission in the DIAEnergie application, which may allow an attacker to plant new files (such as DLLs) or replace existing executable files."
174,CVE-2022-26836,89,,Exec Code Sql,2022-03-29,2022-04-01,10.0,None,Remote,Low,Not required,Complete,Complete,Complete,"Delta Electronics DIAEnergie (All versions prior to 1.8.02.004) has a blind SQL injection vulnerability that exists in HandlerExport.ashx/Calendar. This allows an attacker to inject arbitrary SQL queries, retrieve and modify database contents, and execute system commands."
175,CVE-2022-26779,338,,,2022-03-15,2022-03-22,4.6,None,Remote,High,???,Partial,Partial,Partial,"Apache CloudStack prior to 4.16.1.0 used insecure random number generation for project invitation tokens. If a project invite is created based only on an email address, a random token is generated. An attacker with knowledge of the project ID and the fact that the invite is sent, could generate time deterministic tokens and brute force attempt to use them prior to the legitimate receiver accepting the invite. This feature is not enabled by default, the attacker is required to know or guess the project ID for the invite in addition to the invitation token, and the attacker would need to be an existing authorized user of CloudStack."
176,CVE-2022-26778,312,,,2022-03-10,2022-03-18,4.0,None,Remote,Low,???,Partial,None,None,Veritas System Recovery (VSR) 18 and 21 stores a network destination password in the Windows registry during configuration of the backup configuration. This could allow a Windows user (who has sufficient privileges) to access a network file system that they were not authorized to access.
177,CVE-2022-26667,89,,Exec Code Sql,2022-03-29,2022-04-01,10.0,None,Remote,Low,Not required,Complete,Complete,Complete,"Delta Electronics DIAEnergie (All versions prior to 1.8.02.004) has a blind SQL injection vulnerability that exists in GetDemandAnalysisData. This allows an attacker to inject arbitrary SQL queries, retrieve and modify database contents, and execute system commands."
178,CVE-2022-26666,89,,Exec Code Sql,2022-03-29,2022-04-01,10.0,None,Remote,Low,Not required,Complete,Complete,Complete,"Delta Electronics DIAEnergie (All versions prior to 1.8.02.004) has a blind SQL injection vulnerability that exists in HandlerDialogECC.ashx. This allows an attacker to inject arbitrary SQL queries, retrieve and modify database contents, and execute system commands."
179,CVE-2022-26662,776,,,2022-03-10,2022-03-18,5.0,None,Remote,Low,Not required,None,None,Partial,"An XML Entity Expansion (XEE) issue was discovered in Tryton Application Platform (Server) 5.x through 5.0.45, 6.x through 6.0.15, and 6.1.x and 6.2.x through 6.2.5, and Tryton Application Platform (Command Line Client (proteus)) 5.x through 5.0.11, 6.x through 6.0.4, and 6.1.x and 6.2.x through 6.2.1. An unauthenticated user can send a crafted XML-RPC message to consume all the resources of the server."
180,CVE-2022-26661,611,,,2022-03-10,2022-03-18,4.0,None,Remote,Low,???,Partial,None,None,"An XXE issue was discovered in Tryton Application Platform (Server) 5.x through 5.0.45, 6.x through 6.0.15, and 6.1.x and 6.2.x through 6.2.5, and Tryton Application Platform (Command Line Client (proteus)) 5.x through 5.0.11, 6.x through 6.0.4, and 6.1.x and 6.2.x through 6.2.1. An authenticated user can make the server parse a crafted XML SEPA file to access arbitrary files on the system."
181,CVE-2022-26660,798,,,2022-03-16,2022-03-28,5.0,None,Remote,Low,Not required,Partial,None,None,"RunAsSpc 4.0 uses a universal and recoverable encryption key. In possession of a file encrypted by RunAsSpc, an attacker can recover the credentials that were used."
182,CVE-2022-26659,,,,2022-03-25,2022-03-28,0.0,None,???,???,???,???,???,???,"Docker Desktop installer on Windows in versions before 4.6.0 allows an attacker to overwrite any administrator writable files by creating a symlink in place of where the installer writes its log file. Starting from version 4.6.0, the Docker Desktop installer, when run elevated, will write its log files to a location not writable by non-administrator users."
183,CVE-2022-26652,22,,Dir. Trav.,2022-03-10,2022-03-18,4.0,None,Remote,Low,???,None,Partial,None,NATS nats-server before 2.7.4 allows Directory Traversal (with write access) via an element in a ZIP archive for JetStream streams. nats-streaming-server before 0.24.3 is also affected.
184,CVE-2022-26646,,,File Inclusion,2022-03-30,2022-03-31,0.0,None,???,???,???,???,???,???,Online Banking System Protect v1.0 was discovered to contain a local file inclusion (LFI) vulnerability via the pages parameter.
185,CVE-2022-26645,,,Exec Code,2022-03-30,2022-03-31,0.0,None,???,???,???,???,???,???,A remote code execution (RCE) vulnerability in Online Banking System Protect v1.0 allows attackers to execute arbitrary code via a crafted PHP file uploaded through the Upload Image function.
186,CVE-2022-26644,,,XSS,2022-03-30,2022-03-31,0.0,None,???,???,???,???,???,???,"Online Banking System Protect v1.0 was discovered to contain multiple cross-site scripting (XSS) vulnerabilities via parameters on user profile, system_info and accounts management."
187,CVE-2022-26642,,,Overflow,2022-03-28,2022-03-29,0.0,None,???,???,???,???,???,???,TP-LINK TL-WR840N(ES)_V6.20 was discovered to contain a buffer overflow via the X_TP_ClonedMACAddress parameter.
188,CVE-2022-26641,,,Overflow,2022-03-28,2022-03-29,0.0,None,???,???,???,???,???,???,TP-LINK TL-WR840N(ES)_V6.20 was discovered to contain a buffer overflow via the httpRemotePort parameter.
189,CVE-2022-26640,,,Overflow,2022-03-28,2022-03-29,0.0,None,???,???,???,???,???,???,TP-LINK TL-WR840N(ES)_V6.20 was discovered to contain a buffer overflow via the minAddress parameter.
190,CVE-2022-26639,,,Overflow,2022-03-28,2022-03-29,0.0,None,???,???,???,???,???,???,TP-LINK TL-WR840N(ES)_V6.20 was discovered to contain a buffer overflow via the DNSServers parameter.
191,CVE-2022-26629,863,,Bypass,2022-03-24,2022-03-31,6.4,None,Remote,Low,Not required,Partial,Partial,None,"An Access Control vulnerability exists in SoroushPlus+ Messenger 1.0.30 in the Lock Screen Security Feature function due to insufficient permissions and privileges, which allows a malicious attacker bypass the lock screen function."
192,CVE-2022-26573,79,,XSS,2022-03-25,2022-03-30,4.3,None,Remote,Medium,Not required,None,Partial,None,Maccms v10 was discovered to contain multiple reflected cross-site scripting (XSS) vulnerabilities in /admin.php/admin/art/data.html via the select and input parameters.
193,CVE-2022-26565,,,XSS,2022-04-01,2022-04-02,0.0,None,???,???,???,???,???,???,A cross-site scripting (XSS) vulnerability in Totaljs commit 95f54a5 allows attackers to execute arbitrary web scripts or HTML via a crafted payload injected into the Page Name text field when creating a new page.
194,CVE-2022-26562,,,,2022-04-01,2022-04-02,0.0,None,???,???,???,???,???,???,An issue in provider/libserver/ECKrbAuth.cpp of Kopano-Core v11.0.2.51 contains an issue which allows attackers to authenticate even if the user account or password is expired.
195,CVE-2022-26555,79,,XSS,2022-03-20,2022-03-28,3.5,None,Remote,Medium,???,None,Partial,None,A stored cross-site scripting (XSS) vulnerability in the Add a Button function of Eova v1.6.0 allows attackers to execute arbitrary web scripts or HTML via a crafted payload injected into the button name text box.
196,CVE-2022-26546,,,+Info,2022-03-31,2022-04-01,0.0,None,???,???,???,???,???,???,"Hospital Management System v1.0 was discovered to lack an authorization component, allowing attackers to access sensitive information and obtain the admin password."
197,CVE-2022-26536,78,,,2022-03-24,2022-03-29,10.0,None,Remote,Low,Not required,Complete,Complete,Complete,Tenda M3 1.10 V1.0.0.12(4856) was discovered to contain a command injection vulnerability via the component /goform/setFixTools.
198,CVE-2022-26534,,,,2022-03-17,2022-03-28,5.0,None,Remote,Low,Not required,None,None,Partial,"FISCO-BCOS release-3.0.0-rc2 was discovered to contain an issue where a malicious node, via a malicious viewchange packet, will cause normal nodes to change view excessively and stop generating blocks."
199,CVE-2022-26533,79,,XSS,2022-03-12,2022-03-18,4.3,None,Remote,Medium,Not required,None,Partial,None,Alist v2.1.0 and below was discovered to contain a cross-site scripting (XSS) vulnerability via /i/:data/ipa.plist.
200,CVE-2022-26530,,,,2022-04-03,2022-04-03,0.0,None,???,???,???,???,???,???,swaylock before 1.6 allows attackers to trigger a crash and achieve unlocked access to a Wayland compositor.
201,CVE-2022-26526,426,,+Priv,2022-03-17,2022-03-23,4.6,None,Local,Low,Not required,Partial,Partial,Partial,"Anaconda Anaconda3 through 2021.11.0.0 and Miniconda3 through 11.0.0.0 can create a world-writable directory under %PROGRAMDATA% and place that directory into the system PATH environment variable. Thus, for example, local users can gain privileges by placing a Trojan horse file into that directory. (This problem can only happen in a non-default installation. The person who installs the product must specify that it is being installed for all users. Also, the person who installs the product must specify that the system PATH should be changed.)"
202,CVE-2022-26521,434,,Exec Code,2022-03-10,2022-03-18,6.5,None,Remote,Low,???,Partial,Partial,Partial,"Abantecart through 1.3.2 allows remote authenticated administrators to execute arbitrary code by uploading an executable file, because the Catalog>Media Manager>Images settings can be changed by an administrator (e.g., by configuring .php to be a valid image file type)."
203,CVE-2022-26520,,,,2022-03-10,2022-03-30,7.5,None,Remote,Low,Not required,Partial,Partial,Partial,"** DISPUTED ** In pgjdbc before 42.3.3, an attacker (who controls the jdbc URL or properties) can call java.util.logging.FileHandler to write to arbitrary files through the loggerFile and loggerLevel connection properties. An example situation is that an attacker could create an executable JSP file under a Tomcat web root. NOTE: the vendor's position is that there is no pgjdbc vulnerability; instead, it is a vulnerability for any application to use the pgjdbc driver with untrusted connection properties."
204,CVE-2022-26514,89,,Exec Code Sql,2022-03-29,2022-04-01,10.0,None,Remote,Low,Not required,Complete,Complete,Complete,"Delta Electronics DIAEnergie (All versions prior to 1.8.02.004) has a blind SQL injection vulnerability that exists in DIAE_tagHandler.ashx. This allows an attacker to inject arbitrary SQL queries, retrieve and modify database contents, and execute system commands."
205,CVE-2022-26511,427,,,2022-03-17,2022-03-24,6.8,None,Remote,Medium,Not required,Partial,Partial,Partial,WPS Presentation 11.8.0.5745 insecurely load d3dx9_41.dll when opening .pps files('current directory type' DLL loading).
206,CVE-2022-26505,290,,,2022-03-06,2022-03-11,4.3,None,Remote,Medium,Not required,Partial,None,None,A DNS rebinding issue in ReadyMedia (formerly MiniDLNA) before 1.3.1 allows a remote web server to exfiltrate media files.
207,CVE-2022-26504,287,,Exec Code,2022-03-17,2022-03-24,9.0,None,Remote,Low,???,Complete,Complete,Complete,"Improper authentication in Veeam Backup & Replication 9.5U3, 9.5U4,10.x and 11.x component used for Microsoft System Center Virtual Machine Manager (SCVMM) allows attackers execute arbitrary code via Veeam.Backup.PSManager.exe"
208,CVE-2022-26503,502,,,2022-03-17,2022-03-23,7.2,None,Local,Low,Not required,Complete,Complete,Complete,"Deserialization of untrusted data in Veeam Agent for Windows 2.0, 2.1, 2.2, 3.0.2, 4.x, and 5.x allows local users to run arbitrary code with local system privileges."
209,CVE-2022-26502,,,,2022-03-18,2022-03-21,0.0,None,???,???,???,???,???,???,**REJECT** Veeam Backup & Replication 10.x and 11.x has an Untrusted Search Path.
210,CVE-2022-26501,863,,,2022-03-17,2022-03-24,10.0,None,Remote,Low,Not required,Complete,Complete,Complete,Veeam Backup & Replication 10.x and 11.x has Incorrect Access Control (issue 1 of 2).
211,CVE-2022-26500,22,,Exec Code Dir. Trav.,2022-03-17,2022-03-24,6.5,None,Remote,Low,???,Partial,Partial,Partial,"Improper limitation of path names in Veeam Backup & Replication 9.5U3, 9.5U4,10.x, and 11.x allows remote authenticated users access to internal API functions that allows attackers to upload and execute arbitrary code."
212,CVE-2022-26496,787,,Overflow,2022-03-06,2022-03-26,7.5,None,Remote,Low,Not required,Partial,Partial,Partial,"In nbd-server in nbd before 3.24, there is a stack-based buffer overflow. An attacker can cause a buffer overflow in the parsing of the name field by sending a crafted NBD_OPT_INFO or NBD_OPT_GO message with an large value as the length of the name."
213,CVE-2022-26495,190,,Overflow,2022-03-06,2022-03-26,7.5,None,Remote,Low,Not required,Partial,Partial,Partial,"In nbd-server in nbd before 3.24, there is an integer overflow with a resultant heap-based buffer overflow. A value of 0xffffffff in the name length field will cause a zero-sized buffer to be allocated for the name, resulting in a write to a dangling pointer. This issue exists for the NBD_OPT_INFO, NBD_OPT_GO, and NBD_OPT_EXPORT_NAME messages."
214,CVE-2022-26494,79,,XSS,2022-03-21,2022-03-28,3.5,None,Remote,Medium,???,None,Partial,None,An XSS was identified in the Admin Web interface of PrimeKey SignServer before 5.8.1. JavaScript code must be used in a worker name before a Generate CSR request. Only an administrator can update a worker name.
215,CVE-2022-26490,120,,Overflow,2022-03-06,2022-03-18,4.6,None,Local,Low,Not required,Partial,Partial,Partial,st21nfca_connectivity_event_received in drivers/nfc/st21nfca/se.c in the Linux kernel through 5.16.12 has EVT_TRANSACTION buffer overflows because of untrusted length parameters.
216,CVE-2022-26488,426,,+Priv,2022-03-10,2022-03-18,4.4,None,Local,Medium,Not required,Partial,Partial,Partial,"In Python before 3.10.3 on Windows, local users can gain privileges because the search path is inadequately secured. The installer may allow a local attacker to add user-writable directories to the system search path. To exploit, an administrator must have installed Python for all users and enabled PATH entries. A non-administrative user can trigger a repair that incorrectly adds user-writable paths into PATH, enabling search-path hijacking of other users and system services. This affects Python (CPython) through 3.7.12, 3.8.x through 3.8.12, 3.9.x through 3.9.10, and 3.10.x through 3.10.2."
217,CVE-2022-26487,,,DoS +Info,2022-03-06,2022-03-07,0.0,None,???,???,???,???,???,???,Mitel MiCollab before 9.4 SP1 FP1 and MiVoice Business Express through 8.1 allow remote attackers to obtain sensitive information and cause a denial of service (performance degradation and excessive outbound traffic).
218,CVE-2022-26484,22,,Dir. Trav.,2022-03-04,2022-03-12,6.8,None,Remote,Low,???,Complete,None,None,"An issue was discovered in Veritas InfoScale Operations Manager (VIOM) before 7.4.2 Patch 600 and 8.x before 8.0.0 Patch 100. The web server fails to sanitize admin/cgi-bin/rulemgr.pl/getfile/ input data, allowing a remote authenticated administrator to read arbitrary files on the system via Directory Traversal. By manipulating the resource name in GET requests referring to files with absolute paths, it is possible to access arbitrary files stored on the filesystem, including application source code, configuration files, and critical system files."
219,CVE-2022-26483,79,,XSS,2022-03-04,2022-03-12,3.5,None,Remote,Medium,???,None,Partial,None,An issue was discovered in Veritas InfoScale Operations Manager (VIOM) before 7.4.2 Patch 600 and 8.x before 8.0.0 Patch 100. A reflected cross-site scripting (XSS) vulnerability in admin/cgi-bin/listdir.pl allows authenticated remote administrators to inject arbitrary web script or HTML into an HTTP GET parameter (which reflect the user input without sanitization).
220,CVE-2022-26419,,,Exec Code Overflow,2022-04-01,2022-04-02,0.0,None,???,???,???,???,???,???,"Omron CX-Position (versions 2.5.3 and prior) is vulnerable to multiple stack-based buffer overflow conditions while parsing a specific project file, which may allow an attacker to locally execute arbitrary code."
221,CVE-2022-26417,,,Exec Code,2022-04-01,2022-04-02,0.0,None,???,???,???,???,???,???,"Omron CX-Position (versions 2.5.3 and prior) is vulnerable to a use after free memory condition while processing a specific project file, which may allow an attacker to execute arbitrary code."
222,CVE-2022-26355,668,,,2022-03-10,2022-03-18,1.9,None,Local,Medium,Not required,Partial,None,None,Citrix Federated Authentication Service (FAS) 7.17 - 10.6 causes deployments that have been configured to store a registration authority certificate's private key in a Trusted Platform Module (TPM) to incorrectly store that key in the Microsoft Software Key Storage Provider (MSKSP). This issue only occurs if PowerShell was used when configuring FAS to store the registration authority certificates private key in the TPM. It does not occur if the TPM was not selected for use or if the FAS administration console was used for configuration.
223,CVE-2022-26354,772,,,2022-03-16,2022-03-25,2.1,None,Local,Low,Not required,None,None,Partial,"A flaw was found in the vhost-vsock device of QEMU. In case of error, an invalid element was not detached from the virtqueue before freeing its memory, leading to memory leakage and other unexpected results. Affected QEMU versions <= 6.2.0."
224,CVE-2022-26353,772,,,2022-03-16,2022-03-29,5.0,None,Remote,Low,Not required,None,None,Partial,"A flaw was found in the virtio-net device of QEMU. This flaw was inadvertently introduced with the fix for CVE-2021-3748, which forgot to unmap the cached virtqueue elements on error, leading to memory leakage and other unexpected results. Affected QEMU version: 6.2.0."
225,CVE-2022-26351,,,,2022-03-14,2022-03-14,0.0,None,???,???,???,???,???,???,Canon imagePROGRAF and imageRUNNER devices through 2022-03-14 generate RSA keys that can be broken with Fermat's factorization method. This allows efficient calculation of private RSA keys from the public key of a TLS certificate.
226,CVE-2022-26349,89,,Exec Code Sql,2022-03-29,2022-04-01,10.0,None,Remote,Low,Not required,Complete,Complete,Complete,"Delta Electronics DIAEnergie (All versions prior to 1.8.02.004) has a blind SQL injection vulnerability that exists in DIAE_eccoefficientHandler.ashx. This allows an attacker to inject arbitrary SQL queries, retrieve and modify database contents, and execute system commands."
227,CVE-2022-26338,89,,Exec Code Sql,2022-03-29,2022-04-01,10.0,None,Remote,Low,Not required,Complete,Complete,Complete,"Delta Electronics DIAEnergie (All versions prior to 1.8.02.004) has a blind SQL injection vulnerability that exists in DIAE_hierarchyHandler.ashx. This allows an attacker to inject arbitrary SQL queries, retrieve and modify database contents, and execute system commands."
228,CVE-2022-26337,427,,,2022-03-08,2022-03-18,9.3,None,Remote,Medium,Not required,Complete,Complete,Complete,Trend Micro Password Manager (Consumer) installer version 5.0.0.1262 and below is vulnerable to an Uncontrolled Search Path Element vulnerability that could allow an attacker to use a specially crafted file to exploit the vulnerability and escalate local privileges on the affected machine.
229,CVE-2022-26336,770,,,2022-03-04,2022-03-22,4.3,None,Remote,Medium,Not required,None,None,Partial,"A shortcoming in the HMEF package of poi-scratchpad (Apache POI) allows an attacker to cause an Out of Memory exception. This package is used to read TNEF files (Microsoft Outlook and Microsoft Exchange Server). If an application uses poi-scratchpad to parse TNEF files and the application allows untrusted users to supply them, then a carefully crafted file can cause an Out of Memory exception. This issue affects poi-scratchpad version 5.2.0 and prior versions. Users are recommended to upgrade to poi-scratchpad 5.2.1."
230,CVE-2022-26332,79,,XSS,2022-03-01,2022-03-08,3.5,None,Remote,Medium,???,None,Partial,None,Cipi 3.1.15 allows Add Server stored XSS via the /api/servers name field.
231,CVE-2022-26320,330,,,2022-03-14,2022-03-23,6.4,None,Remote,Low,Not required,Partial,Partial,None,"The Rambus SafeZone Basic Crypto Module before 10.4.0, as used in certain Fujifilm (formerly Fuji Xerox) devices before 2022-03-01, Canon imagePROGRAF and imageRUNNER devices through 2022-03-14, and potentially many other devices, generates RSA keys that can be broken with Fermat's factorization method. This allows efficient calculation of private RSA keys from the public key of a TLS certificate."
232,CVE-2022-26319,427,,Exec Code,2022-03-08,2022-03-19,6.9,None,Local,Medium,Not required,Complete,Complete,Complete,"An installer search patch element vulnerability in Trend Micro Portable Security 3.0 Pro, 3.0 and 2.0 could allow a local attacker to place an arbitrarily generated DLL file in an installer folder to elevate local privileges. Please note: an attacker must first obtain the ability to execute high-privileged code on the target system in order to exploit this vulnerability."
233,CVE-2022-26318,,,Exec Code,2022-03-04,2022-03-15,7.5,None,Remote,Low,Not required,Partial,Partial,Partial,"On WatchGuard Firebox and XTM appliances, an unauthenticated user can execute arbitrary code, aka FBX-22786. This vulnerability impacts Fireware OS before 12.7.2_U2, 12.x before 12.1.3_U8, and 12.2.x through 12.5.x before 12.5.9_U2."
234,CVE-2022-26317,668,,,2022-03-08,2022-03-11,4.0,None,Remote,Low,???,Partial,None,None,"A vulnerability has been identified in Mendix Applications using Mendix 7 (All versions < V7.23.29). When returning the result of a completed Microflow execution call the affected framework does not correctly verify, if the request was initially made by the user requesting the result. Together with predictable identifiers for Microflow execution calls, this could allow a malicious attacker to retrieve information about arbitrary Microflow execution calls made by users within the affected system."
235,CVE-2022-26315,22,,Dir. Trav.,2022-02-28,2022-03-09,5.0,None,Remote,Low,Not required,Partial,None,None,"qrcp through 0.8.4, in receive mode, allows ../ Directory Traversal via the file name specified by the uploader."
236,CVE-2022-26314,307,,,2022-03-08,2022-03-11,7.5,None,Remote,Low,Not required,Partial,Partial,Partial,"A vulnerability has been identified in Mendix Forgot Password Appstore module (All versions >= V3.3.0 < V3.5.1), Mendix Forgot Password Appstore module (Mendix 7 compatible) (All versions < V3.2.2). Initial passwords are generated in an insecure manner. This could allow an unauthenticated remote attacker to efficiently brute force passwords in specific situations."
237,CVE-2022-26313,,,,2022-03-08,2022-03-11,6.8,None,Remote,Medium,Not required,Partial,Partial,Partial,"A vulnerability has been identified in Mendix Forgot Password Appstore module (All versions >= V3.3.0 < V3.5.1). In certain configurations of the affected product, a threat actor could use the sign up flow to hijack arbitrary user accounts."
238,CVE-2022-26311,,,,2022-03-10,2022-03-18,5.0,None,Remote,Low,Not required,Partial,None,None,Couchbase Operator 2.2.x before 2.2.3 exposes Sensitive Information to an Unauthorized Actor. Secrets are not redacted in logs collected from Kubernetes environments.
239,CVE-2022-26301,89,,Sql,2022-03-24,2022-03-29,7.5,None,Remote,Low,Not required,Partial,Partial,Partial,TuziCMS v2.0.6 was discovered to contain a SQL injection vulnerability via the component App\Manage\Controller\ZhuantiController.class.php.
240,CVE-2022-26300,787,,Overflow,2022-03-17,2022-03-28,5.0,None,Remote,Low,Not required,None,None,Partial,EOS v2.1.0 was discovered to contain a heap-buffer-overflow via the function txn_test_gen_plugin.
241,CVE-2022-26296,,,,2022-03-28,2022-03-29,0.0,None,???,???,???,???,???,???,BOOM: The Berkeley Out-of-Order RISC-V Processor commit d77c2c3 was discovered to allow unauthorized disclosure of information to an attacker with local user access via a side-channel analysis.
242,CVE-2022-26295,79,,XSS,2022-03-16,2022-03-28,3.5,None,Remote,Medium,???,None,Partial,None,A stored cross-site scripting (XSS) vulnerability in /ptms/?page=user of Online Project Time Management System v1.0 allows attackers to execute arbitrary web scripts or HTML via a crafted payload injected into the user name field.
243,CVE-2022-26293,89,,Sql,2022-03-16,2022-03-28,7.5,None,Remote,Low,Not required,Partial,Partial,Partial,Online Project Time Management System v1.0 was discovered to contain a SQL injection vulnerability via the id parameter in the function save_employee at /ptms/classes/Users.php.
244,CVE-2022-26291,,,DoS,2022-03-28,2022-03-29,0.0,None,???,???,???,???,???,???,lrzip v0.641 was discovered to contain a multiple concurrency use-after-free between the functions zpaq_decompress_buf() and clear_rulist(). This vulnerability allows attackers to cause a Denial of Service (DoS) via a crafted Irz file.
245,CVE-2022-26290,78,,,2022-03-24,2022-03-29,10.0,None,Remote,Low,Not required,Complete,Complete,Complete,Tenda M3 1.10 V1.0.0.12(4856) was discovered to contain a command injection vulnerability via the component /goform/WriteFacMac.
246,CVE-2022-26289,78,,,2022-03-24,2022-03-29,10.0,None,Remote,Low,Not required,Complete,Complete,Complete,Tenda M3 1.10 V1.0.0.12(4856) was discovered to contain a command injection vulnerability via the component /goform/exeCommand.
247,CVE-2022-26285,89,,Sql,2022-03-21,2022-03-29,7.5,None,Remote,Low,Not required,Partial,Partial,Partial,Simple Subscription Website v1.0 was discovered to contain a SQL injection vulnerability via the id parameter in the apply endpoint. This vulnerability allows attackers to dump the application's database via crafted HTTP requests.
248,CVE-2022-26284,89,,Sql,2022-03-21,2022-03-29,7.5,None,Remote,Low,Not required,Partial,Partial,Partial,Simple Client Management System v1.0 was discovered to contain a SQL injection vulnerability via the id parameter in the manage_client endpoint. This vulnerability allows attackers to dump the application's database via crafted HTTP requests.
249,CVE-2022-26283,89,,Sql,2022-03-21,2022-03-29,7.5,None,Remote,Low,Not required,Partial,Partial,Partial,Simple Subscription Website v1.0 was discovered to contain a SQL injection vulnerability via the id parameter in the view_plan endpoint. This vulnerability allows attackers to dump the application's database via crafted HTTP requests.
